ירק/פרי,"כרטיס צמח, מדריך תקן איכות, הנחיות שימור",משפחה,סוג,זנים בולטים,אזורי גידול עיקריים,שיווק בארץ בטונות ,יבוא בטונות ,חודשי שיווק עיקריים,תכונות בולטות,מוצא,אנרגיה,חלבונים,שומנים,פחמימות,סיבים תזונתיים,יתרונות,עשיר בויטמין A,עשיר בויטמין C,עשיר בחומצה פולית,עשיר בויטמין K,עשיר באשלגן,עשיר בסידן,עשיר בברזל,עשיר במגנזיום,עשיר בסיבים תזונתיים
אבוקדו,http://www.moag.gov.il/subject/the_food_we_eat/perot_ve_yerakot/Pages/avokado.aspx,עריים \ LAURACEAE,אבוקדו,"ארדיט, אטינגר, פוארטה, האס, נבאל, פינקרטון, ריד","מישור החוף, גליל מערבי, גליל עליון, עמק הירדן, עמק חפר, צפון הנגב", ,,כל השנה,,מקסיקו ומרכז אמריקה,161,2,15.3,7.4,2.1,,,,,,,,,,
אבטיח,http://www.moag.gov.il/subject/the_food_we_eat/perot_ve_yerakot/Pages/avatich.aspx,דלועיים,אבטיח,,כל הארץ,83279.024,,מרץ-אוקטובר,"מפחית הסיכוי לחלות בסרטן, מגן על בריאות הלב",אפריקה,30,0.6,0.15,8,0.4,"דל בשומן, ללא שומן רווי, ללא נתרן, ללא כולסטרול, עשיר בוויטמין A, עשיר בוויטמין C.",,,,,,,,,
אגס,http://www.moag.gov.il/subject/the_food_we_eat/perot_ve_yerakot/Pages/agas.aspx,ורדניים\ROSACEAE,אגס\PYRUS,"ספדינה, קוסציה, ג`נטיל",גליל עליון,,3456,כל השנה,,,59,0.4,0.4,15.1,1.4,,,,,,,,,,
אורגנו,,שפתניים,אזובית,,,,,,,,306,11,10.25,64.43,42.8,"נוגד חימצון, קוטל חיידקים ויעיל בטיפול בבעיות עיכול",,,,,,,,,
אנונה,,אנוניים,אנונה,גפנר,,,,נובמבר-ינואר,,,94,1.3,0.4,24,2.2,,,,,,,,,,
אניס,,סוככיים,כמנון,,,,,אפריל-יוני,,,337,17.6,15.9,50,14.6,,,,,,,,,,
אננס,,ברומליים\BROMELIACEAE,אננס,קוויני,,,,אוקטובר-ינואר,,,50,0.54,0.12,13.12,1.4,,,,,,,,,,
אספרגוס,,שושנים,אספרגוס,,"עמקים, ערבה",27.509,,פברואר-נובמבר,,,24,2.2,0.2,4.1,2.1,עשיר בחומצה פולית,,,כן,,,,,,
אפונה טרייה,,קטניות,אפון,,"מרכז, עמקים, צפון",116.131,,דצמבר-אפריל,,,81,5.42,0.4,14.45,5.1,"עשירה בויטמין C, בברזל, במגנזיום ובסיבים תזונתיים",,כן,,,,,כן,כן,כן
אפרסמון,http://www.moag.gov.il/subject/the_food_we_eat/perot_ve_yerakot/Pages/afarsemon.aspx,אבניים,Diospyros,"טריומף, פאיו",מישור החוף,,,ספטמבר-אפריל,,,70,0.6,0.2,18.6,1.5,,,,,,,,,,
אפרסק,http://www.moag.gov.il/subject/the_food_we_eat/perot_ve_yerakot/Pages/afarsek.aspx,ורדניים\ROSACEAE,פרונוס\Prunus,"סוולינג, הרמוזה, אלמוג, סקרלט סן","גליל/גולן, שפלה פנימית",,690,אפריל-נובמבר,,,47,0.7,0.09,11.1,0.6,,,,,,,,,,
ארטישוק,http://www.moag.gov.il/subject/the_food_we_eat/perot_ve_yerakot/Pages/artishok.aspx,מורכבים,קנרס,,מרכז,1961.706,,נובמבר-יוני,"תורם להפחתת הכולסטרול, נוגד חמצון, מפחית הסיכוי לחלות בסרטן, תורם לעיכול תקין, תורם להפחתת הסוכר",אתיופיה,53,2.89,0.34,11.95,8.6,"בריא, ללא כולסטרול, ללא שומן, ללא שומן רווי, דל נתרן, מקור טוב לסיבים תזונתיים, מקור טוב לוויטמין C, מקור טוב לפולאט (חומצה פולית), מקור טוב לסידן.",,,,,כן,,,כן,כן
ארטישוק ירושלמי (חמניית הפקעות),,מורכבים,חמנית,,,,,,,,70,2,0.01,17.44,1.6,עשיר באשלגן ובברזל,,,,,כן,,כן,,
אשכולית אדומה,,פיגמיים,הדרים,,"מישור החוף, גליל /גולן, נגב, עמקים פנימיים, לכיש",,,נובמבר-מאי,,,42,0.77,0.14,10.66,1.6,,,,,,,,,,
אשכולית לבנה,,פיגמיים,הדרים,,"מישור החוף, גליל /גולן, נגב, עמקים פנימיים, לכיש",,,ספטמבר-יולי,,ברבדוס,33,0.69,0.1,8.41,1.1,"ללא שומן, ללא שומן רווי, ללא נתרן, ללא כולסטרול, עשיר בוויטמין A   , עשיר בוויטמין C",,,,,,,,,
בזיליקום-ריחן,http://www.moag.gov.il/subject/the_food_we_eat/perot_ve_yerakot/Pages/basilicum.aspx,שיפתניים,ריחן,,,,,,,,23,3.15,0.64,2.65,1.6,"עשיר בויטמין A, C, K , בברזל, במגנזיום ובאשלגן",כן,,,כן,כן,,כן,כן,
בטטה,http://www.moag.gov.il/subject/the_food_we_eat/perot_ve_yerakot/Pages/batata.aspx,חבלבליים,לפופית,,כל הארץ,20278.543,24,כל השנה,"מפחית הסיכוי לחלות בסרטן, מגן על בריאות הלב, שומר על בריאות העין, תורם להפחתת רמת הכולסטרול, תורם לשיפור מערכת החיסון, תורם לעיכול תקין",דרום אמריקה,86,1.57,0.05,20.12,3,"ללא שומן, ללא שומן רווי, דל נתרן, ללא כולסטרול, מקור טוב לסיבים תזונתיים, עשיר בוויטמין A, עשיר בוויטמין C, מקור טוב של אשלגן.",כן,,,,כן,,,,כן
במיה,,חלמיתיים,אבלמוסקוס,,,,,,,,31,2,0.1,7.03,3.2,עשירה בסידן ובמגנזיום,,,,,,כן,,כן,
בננה,http://www.moag.gov.il/subject/the_food_we_eat/perot_ve_yerakot/Pages/banana.aspx,מוזיים,מוז\Musa,גרנד ניין,"עמק הירדן, חוף כרמל, גליל מערבי",,,כל השנה,,דרום מזרח אסיה,92,1,0.5,23.4,0.5,"ללא שומן, לא שומן רווי, ללא כולסטרול, מקור טוב לסיבים תזונתיים, מקור טוב לוויטמין C , מקור טוב לאשלגן",,,,,,,,,
בצל יבש,http://www.moag.gov.il/subject/the_food_we_eat/perot_ve_yerakot/Pages/bazal.aspx,שושנים,שום,,כל חלקי הארץ,75985.911,11758,כל השנה,"נוגד חמצון, מפחית הסיכוי לחלות בסרטן, מגן על בריאות הלב, נוגד דלקות, תורם להפחתת הסוכר",מערב אסיה,40,1.1,0.1,9.34,1.7,"ללא שומן, ללא שומן רווי, דל מאוד במלח, ללא כולסטרול, עשיר בוויטמין C, מקור טוב לסיבים תזונתיים",,,,,,,,,
בצל ירוק,,שושנים,שום,,"מרכז, נגב, עמקים, ערבה",3161.184,,כל השנה,,,32,1.83,0.19,7.34,2.6,עשיר בברזל,,,,,,,כן,,
ברוקולי,http://www.moag.gov.il/subject/the_food_we_eat/perot_ve_yerakot/Pages/brokoli.aspx,מצליבים,כרוב,,"מרכז, נגב, עמקים",1649.569,,כל השנה,"נוגד חמצון, מפחית הסיכוי לחלות בסרטן, תורם להפחתת כולסטרול, מגן על בריאות הלב, שומר על בריאות העין, תורם לחיזוק העצמות, תורם לשיפור מערכת החיסון, תורם להתפתחות תקינה של העובר, תורם לעיכול תקין",איטליה,34,2.82,0.37,6.64,2.6,"דל שומן, ללא שומן רווי, דל נתרן, ללא כולסטרול, עשיר בוויטמים C , עשיר בפולאט (חומצה פולית), מקור טוב לסיבים תזונתיים, מקור טוב לאשלגן",,כן,כן,כן,,כן,,,כן
גויאבה,,הדסיים\MYRTACEAE,,בן דוב,70% במישור החוף והשאר מפוזר בכל הארץ.,,,ספטמבר-ינואר,,,51,0.8,0.6,11.9,5.6,,,,,,,,,,
גזר,http://www.moag.gov.il/subject/the_food_we_eat/perot_ve_yerakot/Pages/gezer.aspx,סוככיים,גזר,,"מרכז, נגב, עמקים, צפון, שרון",76973.345,30,כל השנה,"מפחית הסיכוי לחלות בסרטן, מגן על בריאות הלב, שומר על בריאות העין, תורם להפחתת רמת הכולסטרול, תורם לשיפור מערכת החיסון, תורם לעיכול תקין",אירופה,40,0.93,0.24,9.58,2.8,"ללא שומן, ללא שומן רווי, דל נתרן, ללא כולסטרול, מקור מצוין לוויטמין A,  מקור טוב לוויטמין C ועשיר בסיבים תזונתיים",כן,,,,,,,,כן
גזר לבן,,סוככיים,Pastinaca,,,,,,,,75,1.2,0.3,17.99,4.9,עשיר באשלגן ובסיבים תזונתיים,,,,,כן,,,,כן
גרגיר הנחלים,,מצליבים,גרגיר (Rorippa),,,,,,,,11,2.3,0.1,1.29,0.5,,,,,,,,,,
דובדבן,http://www.moag.gov.il/subject/the_food_we_eat/perot_ve_yerakot/Pages/duvdevan.aspx,ורדניים\ROSACEAE,פרונוס\Prunus," בינג, בורלה, רנייה, צ'ינוק, כיוס, פינס, היידלפיגן","גולן, גליל עליון",,,אפריל-יולי,,"איזור הים השחור, אירופה",50,1,0.3,12.2,0.2,"ללא שומן, ללא כולסטרול, מקור טוב לוויטמין C , מקור טוב לאשלגן",,,,,,,,,
דלורית,http://www.moag.gov.il/subject/the_food_we_eat/perot_ve_yerakot/Pages/dalorit.aspx,דלועיים,דלעת,,"מרכז, נגב, עמקים, ערבה",1537.46,,כל השנה,,,45,1,0.1,11.69,2,עשירה בויטמין A,כן,,,,,,,,
דלעת,http://www.moag.gov.il/subject/the_food_we_eat/perot_ve_yerakot/Pages/dlaat.aspx,דלועיים,דלעת,,כל הארץ,7326.506,,כל השנה,"מפחית הסיכוי לחלות בסרטן, מגן על בריאות הלב, תורם להפחתת רמת הכולסטרול, שומר על בריאות העין, תורם לשיפור מערכת החיסון",מקסיקו,26,1,0.1,6.5,0.5,"ללא שומן, ללא כולסטרול, ללא נתרן, מקור טוב לוויטמין C, מקור מצוין לוויטמין A",כן,,,,,,,,
זית,http://www.moag.gov.il/subject/the_food_we_eat/perot_ve_yerakot/Pages/zait.aspx,זיתיים,זית\OLEA,"מנזלינו, קדש",,,7137,,,,115,0.8,15,3,,,,,,,,,,,
זנגביל-ג'ינג'ר,,זנגביליים,Zingiber,,,,,,,,80,1.82,0.75,17.77,2,"מקל על בחילות, נוגד דלקות, נוגד חמצון ונוגד סרטן",,,,,,,,,
חבוש,,ורדניים\ROSACEAE,חבוש\CYDONIA,פורטוגל,,,,ספטמבר-ינואר,,,57,0.4,0.1,15.3,1.7,,,,,,,,,,
חסה,http://www.moag.gov.il/subject/the_food_we_eat/perot_ve_yerakot/Pages/hasa.aspx,מורכבים,חסה,"חסה רומית, חסה אייסברג, חסה ראש חמאה, חסה ננסית",כל הארץ,16471.943,,כל השנה,"נוגד חמצון, מפחית הסיכוי לחלות בסרטן, מגן על בריאות הלב, תורם להתפתחות תקינה של העובר",מצרים העתיקה,17,1.23,0.3,3.29,2.1,"ללא שומן, ללא שומן רווי, ללא כולסטרול, דל קלוריות, עשיר בוויטמין  A, מקור טוב לפולאט (חומצה פולית)",כן,,כן,כן,,,,,
חציל,http://www.moag.gov.il/subject/the_food_we_eat/perot_ve_yerakot/Pages/hazil.aspx,סולניים,סולונום,,"אזור ההר ירושלים בעיקר בקיץ, שפלת החוף (נחלים) ביקעת הירדן, ערבה (בחורף), בשור לכיש",38500.589,586,כל השנה,"נוגד חמצון, שומר על תפקוד המוח, תורם להפחתת כולסטרול, מגן על בריאות הלב",הודו וסרי לנקה,24,1.01,0.19,5.7,3.4,"ללא שומן, ללא כולסטרול, ללא נתרן, דל קלוריות, מקור טוב לסיבים תזונתיים",,,,,,,,,
חרדל,,מצליבים,חרדל,,,,,,,,67,4.37,4.01,5.33,3.3,,,,,,,,,,
טימין,,שפתניים,קורנית,,,,,,,,101,5.6,1.7,24,14,נוגד דלקת,,,,,,,,,
כוסברה (גד השדה),http://www.moag.gov.il/subject/the_food_we_eat/perot_ve_yerakot/Pages/cusbara.aspx,סוככיים,גד,,,,,,,,23,2.13,0.52,3.67,2.8,"עשירה בויטמינים: A, K , בברזל ובאשלגן",כן,,,כן,כן,,כן,,
כמון (זרעים),,סוככיים,Cuminum,,",",,,,,,375,17.81,22.27,44.24,10.5,,,,,,,,,,
כרוב,http://www.moag.gov.il/subject/the_food_we_eat/perot_ve_yerakot/Pages/kruv.aspx,מצליבים,כרוב,,"מרכז, נגב, עמקים, צפון",51793.228,330,כל השנה,"נוגד חמצון, מפחית הסיכוי לחלות בסרטן, מגן על בריאות הלב, תורם לחיזוק העצמות",יוון העתיקה ורומא,25,1.28,0.1,5.8,2.5,"ללא שומן, ללא שומן רווי, דל נתרן, ללא כולסטרול, דל קלוריות, עשיר בוויטמין C",,כן,,,,כן,,,
כרוב ניצנים,,מצליבים,כרוב,,,,,,,,39,3.3,0.2,7.3,1.2,"עשיר בויטמינים: A, C ובסידן",,כן,,כן,,כן,,,
כרוב סיני,,מצליבים,כרוב,,מרכז,52.328,,נובמבר-יולי,,,13,1.5,0.2,2.18,1,עשיר בחומצה פולית ובסידן,,,כן,,,כן,,,
כרובית,http://www.moag.gov.il/subject/the_food_we_eat/perot_ve_yerakot/Pages/kruvit.aspx,מצליבים,כרוב,,"מרכז, נגב, עמקים",23818.015,,כל השנה,"מפחית הסיכוי לחלות בסרטן, מגן על בריאות הלב, תורם להפחתת הכולסטרול, תורם לעיכול תקין",אגן הים התיכון,25,1.98,0.1,5.3,2.5,"ללא שומן, ללא שומן רווי, דל בנתרן, ללא כולסטרול, עשיר בוויטמין C , מקור טוב לפולאט (חומצה פולית).",,כן,,,,,,,כן
כרישה,,נרקיסיים,שום,,,,,,,,61,1.5,0.3,14.15,1.8,מקור לברזל ולויטמינים,,,,,,,,,
לוביה,,קטניות,לוביה,,מרכז,135.319,,אפריל-דצמבר,,,34,2.6,0.3,7,,"עשירה בסידן ובמגנזיום ,תורמת להגנה מפני מחלות לב וסוכרת",,,,,,כן,,כן,
ליים,,פיגמיים,הדרים,,,,,יולי-ספטמבר,,,30,0.7,0.2,10.54,2.8,,,,,,,,,,
לימון,,פיגמיים,הדרים,,"מישור החוף, גליל /גולן, נגב, עמקים פנימיים, לכיש", ,,כל השנה,,,29,1.1,0.3,9.32,2.8,,,,,,,,,,
ליצ'י,,סבונניים\SAPINDACEAE,ליצ'י,,"סובב כנרת, חוף כרמל, גליל עליון, גליל מערבי",,,יוני-ספטמבר,,,66,0.8,0.4,16.5,0.2,,,,,,,,,,
לפת,,מצליבים,כרוב,,,1032.83,,אוקטובר-יולי,,,28,0.9,0.1,6.43,1.8,,,,,,,,,,
מלון,http://www.moag.gov.il/subject/the_food_we_eat/perot_ve_yerakot/Pages/melon.aspx,דלועיים,דלעת,,"מרכז, נגב, עמקים, ערבה",30922.35,,פברואר-אוקטובר,,,35,0.84,0.19,8.16,0.9,עשיר בויטמין A מלון כתום עשיר גם בויטמין C,כן,כן,,,,,,,
מלפפון,http://www.moag.gov.il/subject/the_food_we_eat/perot_ve_yerakot/Pages/melafefon.aspx,דלועיים,מלפפון,,"מרכז, נגב, עמקים, צפון, עמק חפר",86247.961,6592,כל השנה,"מגן על בריאות הלב, תורם להפחתת הכולסטרול",הודו,12,0.7,0.1,2.5,0.5,"ללא שומן, ללא שומן רווי, ללא נתרן, ללא כולסטרול, דל קלוריות, מקור טוב לוויטמין C",,,,,,,,,
מנגו,http://www.moag.gov.il/subject/the_food_we_eat/perot_ve_yerakot/Pages/mango.aspx,אלתיים\ANACARDIACEAE,מגניפרה\MANGIFERA,"מאיה, טומי אטקינס, קיט, קנט",,,,יולי-דצמבר,,,65,0.5,0.3,17,0.8,,,,,,,,,,
נענע,http://www.moag.gov.il/subject/the_food_we_eat/perot_ve_yerakot/Pages/mishmesh.aspx,שפתניים,נענע,,,,,,,,70,3.9,0.9,14.9,8,יעילה בהקלה על כאבים במערכת העיכול,,,,,,,,,
משמש,http://www.moag.gov.il/subject/the_food_we_eat/perot_ve_yerakot/Pages/nakterina.aspx,ורדניים\ROSACEAE,פרונוס\Prunus,רעננה,"מושבות השומרון, שפלה",,1800,אפריל-יולי,"דל קלוריות, עשיר בברזל, מקור מצוין לאשלגן וסיבים תזונתיים, מקור טוב לוויטמין A וויטמין C.",צפון מזרח סין,48,1.5,0.4,11.1,0.6,,,,,,,,,,
נקטרינה,http://www.moag.gov.il/subject/the_food_we_eat/perot_ve_yerakot/Pages/nakterina.aspx,ורדניים\ROSACEAE,פרונוס\Prunus,"פנטזיה, מאי גלו, קווין גיינט, סאן סונו","גליל/גולן, שפלה פנימית",,,אפריל-נובמבר,,,49,0.9,0.5,11.8,0.4,,,,,,,,,,
סלק,http://www.moag.gov.il/subject/the_food_we_eat/perot_ve_yerakot/Pages/selek.aspx,סלקיים,סלק,,"מרכז, עמקים",13233.95,,,"נוגד חמצון, מפחית הסיכוי לחלות בסרטן, מגן על בריאות הלב",,43,1.61,0.17,9.56,2.8,"ללא שומן, ללא שומן רווי, ללא כולסטרול, דל נתרן, מקור מצוין לפולאט (חומצה פולית)",,,כן,,,,,,
סלק עלים-מנגולד,,סלקיים,סלק,,,,,,,,19,1.8,0.2,3.74,1.6,,,,,,,,,,
סלרי-כרפס,http://www.moag.gov.il/subject/the_food_we_eat/perot_ve_yerakot/Pages/selery.aspx,סוככיים,כרפס,,"מרכז, נגב",5342.525,,כל השנה,,,16,0.69,0.17,2.97,1.6,עשירה בסידן ובסיבים תזונתיים,,,,,,כן,,,
עגבניה,http://www.moag.gov.il/subject/the_food_we_eat/perot_ve_yerakot/Pages/agvania.aspx,סולניים,סולנום,,כל הארץ,155490.502,881,כל השנה,,,18,0.887,0.2,3.923,1.2,"מקור לליקופן, נוגד חימצון, הגנה על הלב וכלי הדם",,,,,,,,,
עגבניית שרי,http://www.moag.gov.il/subject/the_food_we_eat/perot_ve_yerakot/Pages/agvaniat_sheri.aspx,סולניים,סולנום,,"מרכז, נגב, עמקים, ערבה",19301.176,,כל השנה,,,18,0.88,0.2,3.92,1.2,,,,,,,,,,
עולש-אנדיביה,,מורכבים,עולש,,,,,,,אירופה וצפון אמריקה,23,1.7,0.3,4.7,4,"ללא שומן, ללא שומן רווי, ללא כולסטרול, דל נתרן, מקור מצוין לסיבים תזונתיים. מקור טוב לוויטמין C, ",,,כן,כן,,,,,כן
עירית,,שושנים,,,,,,,,,30,3.27,0.73,4.35,2.5,"עשירה בויטמין A, C, K , בחומצה פולית, באשלגן, בברזל, במגנזיום ובסיבים תזונתיים",כן,כן,כן,כן,,,כן,כן,
ענבים,http://www.moag.gov.il/subject/the_food_we_eat/perot_ve_yerakot/Pages/anavim.aspx,גפניים,גפן,"סופרייר, פרלט, סולטנינה, רד גלוב",,,2717,אפריל-דצמבר,,,71,0.7,0.6,17.8,0.45,,,,,,,,,,
עשב לימון-למון גראס,,דגניים,עשב לימון,,,,,,,,99,1.82,0.49,25.31,,,,,,,,,,,
פול,,קטניות,בקיה,,"מרכז, נגב, עמקים, צפון",408.35,,ספטמבר-מאי,"תורם להפחתת הסוכר, תורם להפחתת הכולסטרול בדם, מגן על בריאות הלב, מפחית הסיכוי לחלות בסרטן, תורם לעיכול תקין","מרכז אסיה, אתיופיה, ארצות הים התיכון",110,26.12,1.53,19.25,25,"דל שומן, ללא שומן רווי, ללא כולסטרול, מקור טוב לוויטמין B1, נחושת, ברזל, מגנזיום, אשלגן, מקור מצוין לסיבים תזונתיים, פולאט (חומצה פולית) ומנגן.",,,כן,,,,כן,כן,כן
פומלו,,פיגמיים,הדרים,,"מישור החוף, גליל /גולן, נגב, עמקים פנימיים, לכיש", ,,ספטמבר-מאי,,,38,0.76,0.04,9.62,1,,,,,,,,,,
פומלית,,פיגמיים,הדרים,,"מישור החוף, גליל /גולן, נגב, עמקים פנימיים, לכיש", ,,אוקטובר-מרץ,,,40,0.45,0.1,5.8,0.51,,,,,,,,,,
פטרוזיליה,,סוככיים,Petroselinum,,,,,,,,36,2.97,0.79,6.33,3.3,"עשירה בויטמין A, C, K , בחומצה פולית, בברזל, במגנזיום  ובסיבים תזונתיים",כן,כן,כן,כן,כן,,כן,כן,כן
פיג'ואה,,הדסיים\MYRTACEAE,פיג'ואה,סלור,,,,דצמבר-פברואר,,,29,0.8,0.3,5.7,3.4,,,,,,,,,,
פיטנגה,,הדסיים\MYRTACEAE,איגניה,,,,,,,,33,0.8,0.4,7.5,0.6,,,,,,,,,,
פלפל אדום,,סולניים,פלפלת,,,,,כל השנה,,דרום וצפון אמריקה,31,0.99,0.3,6.03,2.1,"דל בשומן, ללא שומן רווי, דל נתרן, ללא כולסטרול, דל קלוריות, עשיר בוויטמינים C, A",כן,כן,,,,,,,
פלפל חריף,,סולניים,פלפלת,,,2837.508,,כל השנה,,,40,1.87,0.44,8.81,1.5,"דל בשומן, ללא שומן רווי, דל נתרן, ללא כולסטרול, דל קלוריות, עשיר בוויטמין C",,,,,,,,,
פלפל ירוק,,סולניים,פלפלת,,,,,כל השנה,"נוגד חמצון, מפחית הסיכוי לחלות בסרטן, מגן על בריאות הלב, שומר על בריאות העין, תורם להפחתת רמת הכולסטרול, תורם להפחתת רמת הסוכר, תורם לשיפור מערכת החיסון","חוף הכרמל (3%), שפלת החוף הדרומית, חוף אשקלון, הבשור (10%), שדות נגב, רמת הנגב, בקעת הירדן (15%) והערבה כולה (60%)",20,0.86,0.17,4.64,1.7,"דל בשומן, ללא שומן רווי, דל נתרן, ללא כולסטרול, דל קלוריות, עשיר בוויטמין C",,כן,,,,,,,
פלפל צהוב,,סולניים,פלפלת,,,,,כל השנה,,,27,1,0.21,6.32,0.9,"דל בשומן, ללא שומן רווי, דל נתרן, ללא כולסטרול, דל קלוריות, עשיר בוויטמין C",,כן,,,,,,,
פפיה,,פפאיים\CARICACEAE,פפאיה\CARICA,,,,,כל השנה,,,39,0.6,0.1,9.8,0.8,,,,,,,,,,
פקאן,,JUGLANDACEAE,CARYA,"דלמס, ודיטה, מוהוק",גליל עליון,,,,,,667,1.8,67.6,18.2,1.6,,,,,,,,,,
צבר,,צבריים\CACTACEAE,צבר\OPUNTIA,,,,,יולי-ינואר,,מקסיקו,41,0.73,0.51,9.57,3.6,"מקור מצוין לוויטמין C ומגנזיום, ומקור טוב לסיבים תזונתיים ",,,,,,,,,
צנון,,מצליבים,צנון,,,1878.673,,כל השנה,"נוגד חמצון, מפחית הסיכוי לחלות בסרטן, מגן על בריאות הלב",מערב אסיה ואירופה,16,0.68,0.1,3.4,2,"דל בשומן, ללא שומן רווי, ללא נתרן, ללא כולסטרול, דל קלוריות, עשיר בוויטמין C",,,,,,,,,
צנונית,http://www.moag.gov.il/subject/the_food_we_eat/perot_ve_yerakot/Pages/tznonit.aspx,מצליבים,צנון,,,4073.215,,כל השנה,,,16,0.68,0.1,3.4,2,,,,,,,,,,
קולורבי,http://www.moag.gov.il/subject/the_food_we_eat/perot_ve_yerakot/Pages/koloraby.aspx,מצליבים,כרוב (Brassica),,,8328.891,,כל השנה,"מפחית הסיכוי לחלות בסרטן, תורם לעיכול תקין",מרכז ומערב אירופה,27,1.7,0.1,6.2,3.6,"ללא שומן, ללא כולסטרול, דל נתרן, דל קלוריות, מקור מצוין של ויטמין C, מקור טוב לסיבים תזונתיים.",,כן,,,כן,,,,
קומקווט,,פיגמיים,הדרים,,,,,דצמבר-מרץ,,,71,1.88,0.86,15.9,6.5,,,,,,,,,,
קורנית,,שפתניים,קורנית,,,,,,,,101,5.56,1.68,24.45,14,,,,,,,,,,
קיווי,http://www.moag.gov.il/subject/the_food_we_eat/perot_ve_yerakot/Pages/kiwi.aspx,אקטינידיים,Actinidia,"ברונו, הרווארד",גליל עליון,,,ספטמבר-מאי,,"דרום סין, הופץ לראשונה בניו זילנד",61,1,0.4,14.9,1.1,"ללא שומן רווי, ללא נתרן, ללא כולסטרול, מקור טוב לסיבים תזונתיים, עשיר בוויטמין C, מקור טוב לאשלגן, מקור טוב  של ויטמין E",,,,,,,,,
קישוא,http://www.moag.gov.il/subject/the_food_we_eat/perot_ve_yerakot/Pages/kishu.aspx,דלועיים,דלעת,,,22207.382,18,כל השנה,"נוגד חמצון, מפחית הסיכוי לחלות בסרטן, מגן על בריאות הלב, ","איטליה, אמריקה",16,1.21,0.18,3.35,1.1,"ללא שומן, ללא שומן רווי, ללא נתרן, ללא כולסטרול, דל-קלוריות, עשיר בוויטמין C,  מקור טוב למגנזיום",,,,,,,,,
קרמבולה,,חמציציים\OXALIDACEAE,AVERRHOA,,,,,אוקטובר-ינואר,,,33,0.5,0.3,7.9,0.9,,,,,,,,,,
רוזמרין,,שפתניים,רוזמרין,,,,,,,,131,3.31,5.86,20.7,14.1,,,,,,,,,,
רימון,http://www.moag.gov.il/subject/the_food_we_eat/perot_ve_yerakot/Pages/rimon.aspx,רימוניים,רימון,"ונדרפול, ראש פרד","מישור החוף, שפלה, גליל, עמקים, נגב",,,יולי-מרץ,,,83,1.67,1.17,18.7,4,,,,,,,,,,
שום,http://www.moag.gov.il/subject/the_food_we_eat/perot_ve_yerakot/Pages/shum.aspx,שושנים,שום,,,2057.395,4035,כל השנה,"נוגד חמצון, מפחית הסיכוי לחלות בסרטן, מגן על בריאות הלב, תורן להפחתת כולסטרול, נוגד דלקות, תורם לתפקוד מערכת החיסון, תורן להפחתת הסוכר",דרום מזרח אסיה,149,6.36,0.5,33.06,2.1,"ללא שומן, ללא שומן רווי, ללא כולסטרול, ללא נתרן",,,,,,,,,
שומר,,סוככיים,שומר,,,12908.311,,,"נוגד דלקות, נוגד חמצון, מפחית הסיכוי לחלות בסרטן, תורם לעיכול תקין, תורם לחיזוק העצמות",אגן הים התיכון,31,1.24,0.2,7.29,3.1,"ללא שומן, ללא כולסטרול, דל נתרן, מקור טוב לוויטמין C, אשלגן וסיבים תזונתיים",,,,,,כן,,,כן
שזיף,http://www.moag.gov.il/subject/the_food_we_eat/perot_ve_yerakot/Pages/shezif.aspx,ורדניים\ROSACEAE,פרונוס\Prunus,,"עמק החולה, שפלה",,1573,יוני-נובמבר,,,55,0.8,0.6,13,0.6,,,,,,,,,,
שמיר,,סוככיים,שבת,,,,,,,,43,3.5,1.1,7,,"עשיר בויטמין A, C בברזל, במגנזיום ובאשלגן",כן,כן,,,כן,,כן,כן,
שסק,,ורדניים\ROSACEAE,שסק,"עכו, צריפין, זיקים, ביג ג'אם","ירושלים, גליל עליון, שפלה, נגב",,,פברואר-יולי,,דרום מזרח סין,47,0.4,0.2,12.1,0.5,,,,,,,,,,
שעועית,,קטניות,שעועית,,,1245.999,,כל השנה,,,33,1.7,0.1,6.2,3,עשירה בסיבים תזונתיים,,,,,,,,,כן
שקד,,ורדניים\ROSACEAE,פרונוס\Prunus,,"דרום הגולן, עמק יזרעאל, שפלה, גליל, נגב",,,כל השנה,,,589,19.9,52.2,20.4,2.7,,,,,,,,,,
תאנה,http://www.moag.gov.il/subject/the_food_we_eat/perot_ve_yerakot/Pages/fig.aspx,תותיים\MORACEAE,פיקוס,"נצרתי, ברזילאי, קדוטה",כל הארץ,,,מאי-דצמבר,,,74,0.7,0.3,19.2,1.2,,,,,,,,,,
תות שדה,http://www.moag.gov.il/subject/the_food_we_eat/perot_ve_yerakot/Pages/tut_sade.aspx,ורדניים\ROSACEAE,תות שדה,,שרון,13490,,,"נוגד חמצון, נוגד דלקות,  מפחית הסיכוי לחלות בסרטן, מגן על בריאות הלב, שומר על תפקוד המוח",פרס העתיקה,32,0.67,0.3,7.68,2,"דל בשומן, ללא שומן רווי, ללא נתרן, ללא כולסטרול, עשיר בוויטמין C, עשיר בחומצה פולית",,כן,,,,,,,
תירס,,דגניים,Zea,,,9032.35,,,"נוגד חמצון, מגן על בריאות הלב, תורם לעיכול תקין, שומר על בריאות העין",מרכז אמריקה,108,3.32,1.28,25.11,2.7,"דל שומן, ללא שומן רווי, ללא נתרן, ללא כולסטרול, מקור טוב לוויטמין C",,,,,,,,,כן
תמר,http://www.moag.gov.il/subject/the_food_we_eat/perot_ve_yerakot/Pages/tamar.aspx,דקליים,תמר\PHONIX,"מג'הול, דקל נור, חייאני, בהרי"," גולן,  גליל עליון, עמק הירדן, בקעת הירדן, גלבוע והעמקים, בקעת ים המלח והערבה",,,כל השנה,,"אזור מרוקו, פקיסטן",275,2,0.4,73.5,2.2,"ללא שומן, ללא שומן רווי, ללא כולסטרול, ללא נתרן, מקור טוב לסיבים תזונתיים, מקור טוב לאשלגן ומנגן.",,,,,,,,,
תפוז,http://www.moag.gov.il/subject/the_food_we_eat/perot_ve_yerakot/Pages/tapuz.aspx,פיגמיים,הדרים,"טבורי, ולנסיה, דם, שמוטי","מישור החוף, גליל /גולן, נגב, עמקים פנימיים, לכיש", ,,נובמבר-יולי,,,47,0.94,0.12,11.75,2.4,,,,,,,,,,
תפוח,http://www.moag.gov.il/subject/the_food_we_eat/perot_ve_yerakot/Pages/tapuch_etz.aspx,ורדניים\ROSACEAE,תפוח\MALUS,"זהוב, דלישס, גרני סמית, ענה","גליל עליון, צפון הגולן",,9239,כל השנה,מקור טוב לסיבים תזונתיים,מרכז אסיה,59,0.19,0.36,15.25,0.77,,,,,,,,,,
תפוח אדמה,http://www.moag.gov.il/subject/the_food_we_eat/perot_ve_yerakot/Pages/tapuch_etz.aspx,סולניים,סולנום,,"השרון, שער הנגב, הבשור, רמת הנגב",208707.264,6032,אוגוסט-אפריל,"נוגד חמצון, מפחית הסיכוי לחלות בסרטן, מגן על בריאות הלב, תורם לחיזוק העצמות",דרום אמריקה,69,1.68,0.1,15.71,2.4,"ללא שומן, ללא שומן רווי, ללא נתרן, ללא כולסטרול, עשיר בוויטמין C, מקור טוב לאשלגן",,,,,כן,,,,
תרד,,סלקיים,תרד,,,,,,"נוגד חמצון, מפחית הסיכוי לחלות בסרטן, מגן על בריאות הלב, שומר על תפקוד המוח, שומר על בריאות העין, תורם לחיזוק העצמות, תורם להפחתת הסוכר, תורם לשיפור מערכת החיסון, תורם להתפתחות תקינה של העובר",מרכז אסיה,23,2.86,0.39,3.63,2.2,"ללא שומן, ללא שומן רווי, ללא כולסטרול, דל קלוריות, עשיר בסיבים תזונתיים, מקור מעולה לסיבים, עשיר בוויטמין A, עשיר בוויטמין C, עשיר בברזל, עשיר בפולאט (חומצה פולית), מקור טוב למגנזיום.",כן,,,כן,כן,,כן,כן,
